,Farm_Area(acres),Fertilizer_Used(tons),Pesticide_Used(kg),Yield(tons),Water_Usage(cubic meters)
count,50.0,50.0,50.0,50.0,50.0
mean,254.96380000000002,4.9054,2.398,27.0592,56724.2956
std,139.41778157738412,2.732688897815647,1.4386132778705005,13.345789497295483,27264.99205298171
min,12.5,0.5,0.14,3.86,5869.75
25%,135.71,2.4375,0.9724999999999999,16.19,37818.1525
50%,281.98,5.045,2.33,28.97,54097.075
75%,368.1075,6.885,3.4175,37.86,82240.0325
max,483.88,9.96,4.99,48.02,94754.73
