,Média,Mediana,Moda,Desvio Padrão,Variância,Mínimo,Máximo,Q1,Q3,Assimetria,Curtose
Farm_Area(acres),254.96380000000002,281.98,12.5,139.41778157738412,19437.317819959186,12.5,483.88,135.71,368.1075,-0.1360149977651754,-1.1782806314848484
Fertilizer_Used(tons),4.9054,5.045,5.89,2.732688897815647,7.467588612244898,0.5,9.96,2.4375,6.885,0.07692052751059025,-1.0662877897842917
Pesticide_Used(kg),2.398,2.33,0.77,1.4386132778705005,2.069608163265306,0.14,4.99,0.9724999999999999,3.4175,0.25327349781806024,-1.095622399040973
Yield(tons),27.0592,28.97,3.86,13.345789497295483,178.11009730612244,3.86,48.02,16.19,37.86,-0.08544327103187194,-1.1917667000559407
Water_Usage(cubic meters),56724.2956,54097.075,5869.75,27264.99205298171,743379791.6491557,5869.75,94754.73,37818.1525,82240.0325,-0.14011395278237723,-1.1832393165295931
