Variável,Média Posteriori,Desvio Posteriori,HDI 2.5%,HDI 97.5%,P(μ > mediana)
Farm_Area(acres),254.96380000000002,139.41778157738412,216.31987266591108,293.60772733408896,0.0853087272615427
Fertilizer_Used(tons),4.9054,2.732688897815647,4.147951201151878,5.662848798848122,0.3589648725057014
Pesticide_Used(kg),2.398,1.4386132778705005,1.9992440712878097,2.796755928712191,0.6308982799514695
Yield(tons),27.0592,13.345789497295483,23.360003859346484,30.758396140653517,0.15567128679721343
Water_Usage(cubic meters),56724.2956,27264.99205298171,49166.96424858181,64281.626951418184,0.7521779051122964
